<?xml version="1.0" encoding="UTF-8"?>
<project-private xmlns="http://www.netbeans.org/ns/project-private/1">
    <editor-bookmarks xmlns="http://www.netbeans.org/ns/editor-bookmarks/2" lastBookmarkId="0"/>
    <open-files xmlns="http://www.netbeans.org/ns/projectui-open-files/2">
        <group>
            <file>file:/C:/Users/arceredillo.adrian/Documents/ErronkaGithub/DIY-GARAGE_ERRONKA/Programazioa/JavaProiektua/Pruebas/pGarageDIY/src/mvc/Model.java</file>
            <file>file:/C:/Users/arceredillo.adrian/Documents/ErronkaGithub/DIY-GARAGE_ERRONKA/Programazioa/JavaProiektua/Pruebas/pGarageDIY/src/mvc/Controller.java</file>
            <file>file:/C:/Users/arceredillo.adrian/Documents/ErronkaGithub/DIY-GARAGE_ERRONKA/Programazioa/JavaProiektua/Pruebas/pGarageDIY/src/mvc/ProgramMain.java</file>
            <file>file:/C:/Users/arceredillo.adrian/Documents/ErronkaGithub/DIY-GARAGE_ERRONKA/Programazioa/JavaProiektua/Pruebas/pGarageDIY/src/myClasses/MonthOccupation.java</file>
            <file>file:/C:/Users/arceredillo.adrian/Documents/ErronkaGithub/DIY-GARAGE_ERRONKA/Programazioa/JavaProiektua/Pruebas/pGarageDIY/src/mvc/View.java</file>
            <file>file:/C:/Users/arceredillo.adrian/Documents/ErronkaGithub/DIY-GARAGE_ERRONKA/Programazioa/JavaProiektua/Pruebas/pGarageDIY/src/myClasses/OccupationTableModel.java</file>
        </group>
    </open-files>
</project-private>
